Gender,Depression (%),Anxiety (%),Count
Female,38.666666666666664,32.0,75
Male,23.076923076923077,38.46153846153847,26
